field1,email
Seeking Female for Personal Ongoing Paid Modeling,44e1446a808335d295d07d67df3d6226@gigs.craigslist.org
Models Wanted,3eadadbeab9f3e9a92084883b1524250@gigs.craigslist.org
Creative Writers Neededâœ¨,f6f50ba61d5d31b1ad05cd148986a3ba@gigs.craigslist.org
Female Model Needed,1e8e65f1d0eb353eb5a4b6cf9b68b796@gigs.craigslist.org
Looking For Festival Models,efa3b6e23f8938669c6a182b859aa1ed@gigs.craigslist.org
Haircut Model Casting,0bd3c366149938ba9cb45cc6c8b27144@gigs.craigslist.org
Fluent in Thai and English,1a3fee9cb6d638898f77b8140927abda@gigs.craigslist.org
Clothing model ( female / Small) and feedback needed,0070aa71226035419e591aae94a4d6fa@gigs.craigslist.org
React developer - short term project,40115a763b6636188e4a2f908a039818@gigs.craigslist.org
Models needed for Product Photoshoot,4813006efccd334694fe7bcf6fd0a3a0@gigs.craigslist.org
Models needed,bbb4cdf7500334c0a4fcf5768532886a@gigs.craigslist.org
Local Artists needed for textile designs,49cdf68654de3dfb8fbfa360dcdf7631@gigs.craigslist.org
SPSS Help- REMOTE WORK,158b73d7785e3c09a2241fa152faf6cf@gigs.craigslist.org
Paid Social Media Intern Needed! ($15/hr.),df965468d12e331dbb0e34598c825b21@gigs.craigslist.org
Film company looking for individual for company logo photo,27559de734bb376a847bc8e60f89f9d9@gigs.craigslist.org
New Web Site Coordinator,41b64257e907326a9e879de1fd44abad@gigs.craigslist.org
Adobe Illustrator designer,cf2e7d8ee75b3ee18ea9a302eb70bd99@gigs.craigslist.org
tech coordinator/coach for power point/video project.,0b9ce732d6843c39b934edd50cc1caf2@gigs.craigslist.org
Now Casting: Asian Actors for new web series,3482ecd08cb8304f8736f807df18a6a2@gigs.craigslist.org
FASHION WEEK NY MODEL AUDITION THIS SATURDAY IN NYC,Staff@Plitzs.com
Pregnant? Help revolutionize maternal health for women of color! Earn,773986604d263a81a81c86304ad0101e@gigs.craigslist.org
Moodle web site lesson creation and maintenance,448e597c17c93ce48bcde70fd847ab97@gigs.craigslist.org
Photo Editing,96662007008431e08c63a5f6270ef33b@gigs.craigslist.org
Portrait Models Wanted,26fadec15b79393d9da684a6e72bacf2@gigs.craigslist.org
Looking for a male model,a4e79240aa513de08ca86cce2fcd41da@gigs.craigslist.org
Live video stitching,dd2ae057e6bf35b3a14c9fbc928b6e57@gigs.craigslist.org
Floral Designer Needed,44efee25790d3fccaa782345f6f14c3e@gigs.craigslist.org
Videographer needed,21c1cc178d2c3a439c724aaefac8f1bc@gigs.craigslist.org
Need Videographer for a Trade Show,d758d128fe9a36b1ad1e602178e499f9@gigs.craigslist.org
sound mixer/boom operator with equipment,e4e893bc57ea3b64992a0fbd41f93370@gigs.craigslist.org
Help Needed Added Music to Viral Inspirational Videos,b2fa99d2701e33b4af0a41cbef994b67@gigs.craigslist.org
"Manuscript scan, process, edit",900a1350080a3febb22de33facb5097f@gigs.craigslist.org
Fun actor for short video,2496bc12db6e37ce87f69bdf27e0389b@gigs.craigslist.org
actors needed for selfie video | product testimonial,ca88dbb31c14304eacbe617e75b7d3d1@gigs.craigslist.org
Need Help Editing Photos,9b05a821454c32db86aab424c11d6913@gigs.craigslist.org
Figure Drawing Models,1e8bf74c7baa3941acf6b156b3836c9f@gigs.craigslist.org
Social Media for dental office,439ac529201a3ea0b56b6dcb4c1abdf6@gigs.craigslist.org
Nail artist/technician needed on set Jan 31st,caca49f04f0d38db83f9903649071120@gigs.craigslist.org
'Female Artistic Figure Model Shoot,0f9f1eaac13f3daea1308f6e150e6617@gigs.craigslist.org
Seeking social media expert,normnyc@aol.com
Documentary Director / videographer / editor / producer needed,93373f163a493e7389a4ef618fe08b4f@gigs.craigslist.org
So you wanna have an adult video channel,197e12704ee43074ab2c0c2664dc7f27@gigs.craigslist.org
Looking for camera/video tutor,976ffec42eaa3c8296921f9c20ff0f07@gigs.craigslist.org
Male model for photography 25+,1551beef647f33d3a5e2ef99322b6f24@gigs.craigslist.org
MODELS/ACTORS NEEDED FOR SOCIAL MEDIA PROMOTION,d9e568a8068831fc9d141c955400fee8@gigs.craigslist.org
Singer/rappers for Music Video,alexmontoya27@yahoo.com
YouTube Video,40d9f1f29aab3767bdbcd0e6d3bbbc98@gigs.craigslist.org
(New) Caribbean music video show seeking co-host / on air personality.,
Social Media SEO Intern,5c3e41f8c8033fc78f13029c865810f5@gigs.craigslist.org
New modeling agency looking for models,paradise_beauty@aol.com
Females Needed FoR MUSIC VIDEO,d29809d6609234eda1401a9fd7ee559b@gigs.craigslist.org
Guys needed for video/photo modeling gigs,821e2937a02b39d7a0d9bb0e5f2f707b@gigs.craigslist.org
Freelance Audio/Sound Engineer,6fda0bf68c5139779ae6eb717600e7b4@gigs.craigslist.org
GND look needed for modeling gig,db4d6173e7db3ad09fa721a8b6ffc5d0@gigs.craigslist.org
"Female, Caucasian, Model/Dancer Needed For Photo and Video Shoots",f95811de77c03c13b9031e14ada7ad04@gigs.craigslist.org
Paid Research Study - Share Your Thoughts About American History,9297cfa0672d3e0ea1f9e80b3c9654e0@gigs.craigslist.org
AUTOCAD DRAFTS PERSON,b3209aa506e2364a8f1de28480be277c@gigs.craigslist.org
Illustrator Wanted for drawing Wrestling,01e54f691d9a331fa0e6e0cd01047270@gigs.craigslist.org
Need a photo editor for small project available today,ridak180@gmail.com
ENERTAINER - SPANISH WAITRESS/HOSTESS NEEDED,e1b2022a8ba63da39635727216deb10f@gigs.craigslist.org
Videographer for a quick gig,8b639be6620b3d808330dc720d361b82@gigs.craigslist.org
Earn $100-$300 Daily with your Home Base Business. Join Now!,6d509a21c5633c7db05971798f95e4a6@gigs.craigslist.org
Photographer needed to shoot solo artist/musician,91381aa43add337cbd3a337aa9220135@gigs.craigslist.org
Computer Technician needed urgently,tulatax@gmail.com
WordPress Guru,74e1d44073d43dc18ca692a18c12da73@gigs.craigslist.org
*********** AGRITECHCO.COM IS LOOKING FOR A SKETCH UP CAD DRAWER******,fac55f05a91e38eab43aec2631cabcea@gigs.craigslist.org
On-Going Videography Position Available,d75e42ecc94f398ab1d1e8bf1412c816@gigs.craigslist.org
Portrait Artist to complete painting by 2/10/2020,f446559b6f3b3b80ad06f97f1c8ea808@gigs.craigslist.org
Creative models wanted for artwork,kyleholbrook87@gmail.com
Seeking Female Talent for 2 min Instructional Video,7b3e0e7d0ad3382aa3e17503314e3b0d@gigs.craigslist.org
Special Effects Make-up for tomorrow Monday 01/27 Night Feature Shoot,576ae97a24b23f7798379f7454e6a6cc@gigs.craigslist.org
The LocaI Vlog is Here!,cd741b195ed03e57af741bc11bd3962f@gigs.craigslist.org
Website coding,dde23cfa6cf53daa910f7e61593d6567@gigs.craigslist.org
Tesla Driver / Model Needed,70a70e13b07e39c1a02616dc6ac44ce2@gigs.craigslist.org
LOOKING FOR MODELS - GREAT PAY $25,fe03e570e6fe3f84b107bc3807b39208@gigs.craigslist.org
ARTISTS! ðŸ”¥ PERFORM AT THE MANHATTAN WINTER JAM! ðŸ”¥,2f19fe10566d32b5a5425ae11aef0bc2@gigs.craigslist.org
ðŸ”® 18-35y/o Female Models Casting ðŸ”® Starting pay: 75/hr,dd8f43361a24376ba6cec317f385c377@gigs.craigslist.org
*** REVOLUTIONARY BUSINESS OPPORTUNITY ***,9a1e2ccd52973ac7b84e79556895f42e@gigs.craigslist.org
Videographer,createsequoiavideos@gmail.com
Female models,e8fe29a3e98839d998b7ad86b6825042@gigs.craigslist.org
SEO Guru,cfc1d40c735434368c8e416df4c5c70d@gigs.craigslist.org
Female Model For 15 Sec Video $500,2bd07f05ef2e3490a6410e5b635acb6c@gigs.craigslist.org
$300 a day ; Exotic Dancers (bikini models),31077245c37b307b88e91b81c3609604@gigs.craigslist.org
Male and Female Models Needed ASAP for Surgery Photo Shoot,2ca78b82c7cd35bf82b4747a0dc9c7cd@gigs.craigslist.org
Female Hand Model Needed for 2 days,84b4706441133947bbbefa589b061a79@gigs.craigslist.org
Looking for Rave & Party Models,f861e897e63f3183b7b712b5873564a9@gigs.craigslist.org
Model Needed,c3d5c34faf62389bba5d08b8b831ad7c@gigs.craigslist.org
MODELS NEEDED: Fathers Day and Mothers Day Cocktail Shoot,800ddbc4642438419be2af3d7c77e8ae@gigs.craigslist.org
Promotional Model,6271ecd986be32648a618a99c2ff38f5@gigs.craigslist.org
Fitness model,b965bd3080bf38debe98c5e1c3f059c3@gigs.craigslist.org
Social Media Influencers promoters,6ee1433a5cab3fbfb159e9fdbb42d95b@gigs.craigslist.org
Athletic Male Models Needed,d0187850efdd3e77a23b6ded1ba614e8@gigs.craigslist.org
Cute girls needed for modeling gig,0930c526511738b5ba55fe05d4486bb3@gigs.craigslist.org
Freelance Writer Wanted - Pay $50 per article,
Liberty Tax is Now Hiring Experienced Tax Preparers and Data Entry!!!!,4b021e35e15c3d349e6ad45444ad5e94@gigs.craigslist.org
Models Needed for Marketing Campaign,44fd90833033349c957cdf832a45b1b9@gigs.craigslist.org
Android phone programmer,75db0c6a50753a588fbd2a40108267b6@gigs.craigslist.org
English/Japanese In-Person Translator for 1/30 & 2/1.,6eef26b5b45c3ef19e68ed8d689ee71c@gigs.craigslist.org
Model Needed for Photo Shoot in Mission Hills,99c1d0aea6433e1c801573621845f6c2@gigs.craigslist.org
Female Model Needed for Photo Shoot No Experience Required,cc4569621e943d0694077153ae82f0ef@gigs.craigslist.org
Model Needed for Photo Shoot No Experience Required,01f79fae92ae35eea7bcfc848f8989cd@gigs.craigslist.org
Data Entry,c2b197426d6a30e7b6dc30038b627263@gigs.craigslist.org
Website and Social Media Marketing,494e9054abd53edeb19be8214c37f68f@gigs.craigslist.org
Models for LA & OC Fashion Week Audition,780e4507efd439ec9ef915141c31466a@gigs.craigslist.org
Hair Models - 2 Beautiful Burbank Women,416a6066f210338bbbca1da7dae066f4@gigs.craigslist.org
Short Instagram Videos Trying New Recovery Drink,ba529a51b35b374683949ce02506e24c@gigs.craigslist.org
Women Modeling/Acting Shoot,4cbf8a54accf36e3ab756aaa082bd015@gigs.craigslist.org
Need Writing Help for Psychology and Humanities,4f6c062692453076aaa09d63f65a722d@gigs.craigslist.org
Need onsite computer tech / assembler today / tomorrow,101758a64f033feab17fa6bc9acc1b3d@gigs.craigslist.org
Unity3D Developer,a8326fb4caa937ae9b1ab9e87c23c38c@gigs.craigslist.org
WORK FROM HOME! Medical Writers Needed,
need help with MERN app (in person),fb66a6a7f60f3b3d9372df5d7e9edc84@gigs.craigslist.org
YouTube Comedy Producer W/10 K Subs Needed By Tonight Show Writer,b5acf1117ac93871bbca674eba7fbbbb@gigs.craigslist.org
Actors/Models needed for Media Promotion,52a47408f4583b8284f721f3b5077abe@gigs.craigslist.org
Help setting up Instagram Shopping  Shopify store,4048fdeda9ae3cffa86d08fd79b4f7c2@gigs.craigslist.org
Data Entry Processor,b14c9f94a1203677a773ed9984621be2@gigs.craigslist.org
Model $$,ef2d0500fc913e4b9a3d902a88ec508b@gigs.craigslist.org
Need - Dancers for Social Media Dance Videos,1036cb15edfb326db266e7eb544ce385@gigs.craigslist.org
Make Money From Your Facebook Account,2fbc53dd434b36f5bcd174ee36fd927f@gigs.craigslist.org
Seeking Male Models,0fd548aafe6e3448959f3d893e8cd841@gigs.craigslist.org
WORK FROM HOME! Medical Writers Wanted,
Apple Motion Animation,962525198fba3213aede602aac647d7b@gigs.craigslist.org
FREE CLASS. How To Book TV Commercials,a7da86bc06b23b27a01d40734184a2af@gigs.craigslist.org
"Team of writers wanted for short films, series work and features",7eb684a3e9cf3dedaad9be3d7d2f8187@gigs.craigslist.org
Seeking Individuals Who Can Work From Home and Have Computer or Tablet,
"$30/Hour, Remote Task for Spanish Speakers",0c39bb5bce2c371592f7090ff3a51179@gigs.craigslist.org
You're within 35 miles of CHI and moderately computer literate.,30268db3a50a352b8a9107350b6afb63@gigs.craigslist.org
"Entry Level Marketing, Sales & More!",11b0d855cd1d38f3ac3d5c9b2d55ce01@gigs.craigslist.org
Female models start today!!,6784ce3b2df0325594bd5aea597daa9d@gigs.craigslist.org
Reviewers Needed! Selected Participants Get Samsung Appliances Free,67c4689b2fe23de18f2086d933958607@gigs.craigslist.org
Toycycle is Seeking Marketing and Operations Interns,2890c29a4d773623a58d63ccd19e6285@gigs.craigslist.org
Php script installation,f018b543f2ce3a0a9189bba0fc3959ab@gigs.craigslist.org
Join the Peace of Mind Mobile Marketing Team,cdb60115795a37838e99fa6c854d65cf@gigs.craigslist.org
Computer Science tutor needed,c82ddeff2f463addbedecfedf7bb33dc@gigs.craigslist.org
Need someone to do a computer task for me,790c77ff1c52367c9e192e9b9d03c846@gigs.craigslist.org
Looking for local computer / IT support technician - Monthly Retainer,c9737fdf45d93f50826df5f5bc9cb53c@gigs.craigslist.org
Paper writing gig,
